sector,mean,median,max,min,stdDev,skew,kurtosis,count
AGRI,18.253673709611256,15.257022142695062,91.96496890410816,4.78957873410309,10.52181887871046,2.2327999355042105,8.168514686472317,487.0
BASIC-IND,20.48767457952726,16.992252734759187,105.17309593084747,5.547585805342987,13.154996672432873,2.6817985683622654,10.398578966248461,487.0
CONSUMER,15.840789973244094,12.407621818082527,137.71623889826475,4.342516811351482,12.881481833626598,4.627716608584967,32.142253508373166,487.0
FINANCE,15.60474688172263,11.200739426897227,120.71098963013378,3.4285661299189396,13.086117130560847,3.1627809077786786,14.852053062486611,487.0
INFRASTRUC,18.42702386386685,14.419622385751522,133.54888746535673,4.866450663500548,13.235605513782723,3.4812456343949085,19.2440139136236,487.0
MINING,16.537541147335954,13.623416310534262,71.45138366759117,4.909542170476568,9.286529101903175,1.996274080884842,5.7016385920025945,487.0
MISC-IND,21.82740589157387,18.7271059027669,127.82983263689613,6.327353326245302,12.695652929615973,2.8603484395966268,14.125450524228484,487.0
PROPERTY,17.413461152322494,14.465799744650912,69.8111480172214,4.670318227784753,10.119525630340837,1.7455550455830213,3.668515514268342,487.0
TRADE,11.125810037491974,9.689940975137334,45.825120747258794,3.481794344955914,6.448172864956121,2.4454189858039053,7.730036163448918,487.0
